2014-Blockzilla,Website
4,tiktok.com
1,mozilla.org
9,smallpdf.com
1,razorpay.com
3,saednews.com
1,upwork.com
1,jawapos.com
1,ftx.com
9,ecer.com
1,ouedkniss.com
0,udn.com
2,shopee.vn
1,glassdoor.com
1,alimama.com
3,mihoyo.com
20,animeflv.net
1,ameblo.jp
1,1337x.to
7,9gag.com
3,allegro.pl
40,allrecipes.com
4,17ok.com
0,archive.org
2,babyschool.com.cn
1,canada.ca
5,as.com
3,bitly.com
24,bolasport.com
6,bongacams.com
8,chaturbate.com
1,coinbase.com
11,coinmarketcap.com
6,deepl.com
9,depositphotos.com
1,discord.com
15,crowdworks.jp
0,codepen.io
1,crypto.com
4,eksisozluk.com
4,fc2.com
15,elwatannews.com
1,editor.wix.com
1,disqus.com
2,elpais.com
3,evernote.com
3,divar.ir
1,duckduckgo.com
3,elementor.com
2,epicgames.com
21,dostor.org
3,dnevnik.ru
6,freshdesk.com
10,filimo.com
1,fontawesome.com
7,go.com
7,fril.jp
21,fiverr.com
2,focus.cn
2,github.com
7,getadblock.com
1,ih5.cn
7,imgur.com
8,icicibank.com
10,hootsuite.com
14,kakaku.com
2,instagram.com
11,huim.com
2,iqbroker.com
1,home77.com
1,jianshu.com
1,kinogo.biz
9,hotstar.com
11,ionos.com
2,leetcode.com
2,mailto_palazzo_tver@mail.ru
1,mercari.com
5,namnak.com
4,namasha.com
4,meesho.com
1,messenger.com
7,mailchimp.com
2,medium.com
1,metropoles.com
2,lenta.ru
1,lenovo.com
10,panda.tv
1,padlet.com
4,nextdoor.com
3,note.com
2,pixabay.com
4,op.gg
4,nypost.com
4,renren.com
4,quizlet.com
12,protonmail.com
1,primevideo.com
4,poki.com
6,ria.ru
1,shareasale.com
1,roozaneh.net
3,setn.com
11,seekingalpha.com
12,samsung.com
7,sarkariresult.com
3,rt.com
13,rutracker.org
13,sourceforge.net
7,sportbible.com
2,squarespace.com
6,squareup.com
2,stackexchange.com
1,sonhoo.com
2,steamcommunity.com
4,slickdeals.net
5,soundcloud.com
0,spankbang.com
5,stackoverflow.com
2,t.me
9,themeforest.net
1,tejaratnews.com
1,stripchat.com
1,techcrunch.com
1,t.co
1,teachable.com
9,telegram.org
1,suara.com
0,taleo.net
7,vimeo.com
6,unsplash.com
8,ubereats.com
5,verizon.com
1,torob.com
11,thesaurus.com
16,tutorialspoint.com
2,twitter.com
1,u.gg
1,uidai.gov.in
2,topfo.com
3,trello.com
4,vidio.com
5,wordpress.com
2,51.la
1,wsj.com
1,258.com
6,vnexpress.net
40,163.com
4,wordpress.org
3,360.cn
1,web.de
5,360doc.com
18,51yes.com
7,52pk.com
4,58.com
5,6.cn
3,addthis.com
5,academia.edu
2,9384.com
0,abs-cbn.com
1,accuweather.com
8,51sole.com
101,51auto.com
11,airbnb.com
4,adp.com
80,ahram.org.eg
2,aliexpress.com
2,alipay.com
29,adobe.com
2,alibaba.com
4,agoda.com
19,albawabhnews.com
1,amazon.com.br
3,amazon.com
3,amazon.co.jp
2,amazon.ca
1,alodokter.com
1,amazon.com.au
4,aliyun.com
3,amazon.de
3,amazon.co.uk
4,android.com
30,aol.com
2,amazon.es
2,amazon.in
1,americanexpress.com
2,amazon.it
2,amazon.fr
5,asos.com
2,asriran.com
16,att.com
5,avito.ru
0,asus.com
1,baidu.com
42,babytree.com
6,atlassian.com
6,ask.com
8,apple.com
5,aparat.com
4,bbc.co.uk
4,bbc.com
22,bedbathandbeyond.com
6,bankofamerica.com
5,bestbuy.com
11,bing.com
4,bhphotovideo.com
11,blackboard.com
6,bhaskar.com
2,bluehost.com
1,bilibili.com
0,bloomberg.com
1,blogger.com
3,biblegateway.com
18,breitbart.com
6,bukalapak.com
10,booking.com
11,businessinsider.com
8,chase.com
4,ca.gov
9,cambridge.org
4,canva.com
1,capitalone.com
2,chaduo.com
6,cbssports.com
32,chouftv.ma
30,chron.com
5,chess.com
3,cj.com
5,clickbank.com
3,chegg.com
23,cnet.com
2,cnblogs.com
0,cnbeta.com
2,cloudflare.com
1,clickfunnels.com
26,cnbc.com
2,cnn.com
14,coursehero.com
1,costco.com
76,crunchyroll.com
19,cricbuzz.com
20,coingecko.com
3,coupang.com
2,cnnic.cn
1,cnzz.com
1,dailymotion.com
93,dcinside.com
18,cvs.com
18,daum.net
4,csdn.net
1,dailymail.co.uk
8,dangdang.com
10,dcard.tw
56,detik.com
0,delgarm.com
7,dell.com
2,dmm.co.jp
1,delta.com
7,deviantart.com
3,digikala.com
1,dianping.com
1,donya-e-eqtesad.com
5,dstv.com
7,doordash.com
3,docin.com
2,dropbox.com
2,douban.com
12,ea.com
8,ebay.de
2,ebc.net.tw
6,ebay.com.au
7,ebay.com
5,eatthis.com
7,ebay.co.uk
11,endclothing.com
2,envato.com
3,eee114.com
12,espncricinfo.com
1,ensonhaber.com
1,facebook.com
20,etoro.com
1,fardanews.com
11,eventbrite.com
2,etsy.com
7,farfetch.com
0,ettoday.net
4,fandom.com
13,expedia.com
2,force.com
24,forbes.com
16,fool.com
1,fidelity.com
1,fedex.com
10,flipkart.com
2,flashscore.com
3,formula1.com
5,flickr.com
15,godaddy.com
10,foxnews.com
10,freelancer.com
8,genius.com
12,gismeteo.ru
1,gmx.net
4,globo.com
37,geeksforgeeks.org
15,freepik.com
4,globalsources.com
3,gome.com.cn
3,google.ca
3,google.co.th
1,google.co.id
1,google.az
1,google.co.ve
3,google.co.in
1,google.cn
3,google.co.uk
1,google.co.kr
3,google.co.jp
9,goodreads.com
1,google.com.eg
3,google.com
3,google.com.au
1,google.com.sg
3,google.com.br
3,google.com.tw
1,google.com.hk
3,google.com.ar
1,google.com.tr
1,google.com.sa
3,google.com.mx
3,google.de
1,gosuslugi.ru
3,google.pl
3,google.com.ua
1,google.gr
1,google.dz
3,google.it
15,grammarly.com
1,google.ro
3,google.fr
3,google.es
3,google.com.vn
2,gsmarena.com
9,hindustantimes.com
3,hdfcbank.com
3,hm.com
1,haiwainet.cn
11,gusuwang.com
7,healthline.com
1,hao123.com
8,hostgator.com
7,hepsiburada.com
6,heavy.com
3,ibicn.com
3,house365.com
15,ign.com
1,hulu.com
9,huanqiu.com
1,imdb.com
1,ikea.com
6,indiamart.com
13,ilovepdf.com
2,in.gr
15,indiatimes.com
9,instructure.com
8,indeed.com
1,info.com
4,iherb.com
5,intuit.com
17,inquirer.net
9,irs.gov
2,irctc.co.in
29,investing.com
9,investopedia.com
0,it168.com
12,istockphoto.com
3,iqiyi.com
3,jotform.com
2,iweihai.cn
1,jiameng.com
1,japanpost.jp
6,jd.com
2,iyiou.com
11,kohls.com
1,kakao.com
5,lazada.sg
0,kompas.com
9,kickstarter.com
13,kooora.com
13,kapanlagi.com
9,lazada.co.th
6,kdslife.com
1,leboncoin.fr
1,livejasmin.com
2,livejournal.com
4,lowes.com
3,ltn.com.tw
13,liputan6.com
22,livescore.com
11,liansuo.com
7,linkedin.com
3,macys.com
3,lyst.com
0,marca.com
4,makemytrip.com
32,manoramaonline.com
4,matchesfashion.com
3,mediafire.com
4,medicalnewstoday.com
24,mathrubhumi.com
9,merdeka.com
5,mercadolivre.com.br
4,mercadolibre.com.mx
2,meituan.com
3,mehrnews.com
4,mercadolibre.com.ar
13,merriam-webster.com
5,msn.com
12,mytheresa.com
19,mrporter.com
1,microsoft.com
2,morningpost.com.cn
6,myntra.com
9,moneycontrol.com
3,mit.edu
4,naukri.com
6,ndtv.com
5,naver.com
68,nba.com
6,namecheap.com
5,n11.com
1,npr.org
1,nordstrom.com
16,newegg.com
2,nike.com
2,news18.com
4,nikkei.com
6,nicovideo.jp
6,nfl.com
5,noon.com
8,olx.in
1,onlinesbi.com
7,oeeee.com
7,okezone.com
2,okta.com
1,oschina.net
50,nytimes.com
12,outbrain.com
2,otto.de
3,orange.fr
11,ozon.ru
1,pchome.com.tw
5,pcbaby.com.cn
15,overstock.com
6,parsfootball.com
4,patch.com
4,paypal.com
9,patreon.com
3,pinterest.com
9,pexels.com
26,pikiran-rakyat.com
0,people.com.cn
30,pcmag.com
13,pixnet.net
29,rakuten.com
28,proiezionidiborsa.it
33,qq.com
3,rakuten.co.jp
2,rambler.ru
2,rednet.cn
13,redfin.com
4,reddit.com
14,realtor.com
3,redbubble.com
0,researchgate.net
9,reuters.com
9,rottentomatoes.com
4,riotgames.com
13,roblox.com
2,shaparak.ir
4,sciencedirect.com
7,schwab.com
7,sahibinden.com
11,salesforce.com
4,seznam.cz
12,scribd.com
6,shopbop.com
5,sindonews.com
3,shutterstock.com
30,shopstyle.com
5,shutterfly.com
6,shopify.com
2,shippingchina.com
8,slideshare.net
21,sina.com.cn
1,soso.com
6,sohu.com
1,sogou.com
8,softonic.com
1,so.com
1,sq.cn
24,southcn.com
1,taboola.com
12,t-mobile.com
5,tamin.ir
7,ssense.com
1,t66y.com
13,surveymonkey.com
1,taobao.com
14,theepochtimes.com
24,ticketmaster.com
15,telewebion.com
1,target.com
1,theguardian.com
2,thingiverse.com
1,tianya.cn
3,tradingview.com
1,tokopedia.com
8,trendyol.com
1,tripadvisor.com
1,tmall.com
3,trustpilot.com
1,tinder.com
3,tudou.com
1,turkiye.gov.tr
6,tumblr.com
2,udemy.com
3,uptodown.com
1,united.com
6,ultimate-guitar.com
7,twitch.tv
11,uol.com.br
1,ups.com
15,usnews.com
3,usatoday.com
6,vvvdj.com
3,visitbeijing.com.cn
10,usps.com
16,washingtonpost.com
12,walgreens.com
1,wikihow.com
10,w3schools.com
4,walmart.com
22,webmd.com
1,wellsfargo.com
2,wetransfer.com
16,weebly.com
7,whatsapp.com
1,wikipedia.org
1,w3school.com.cn
1,wikimedia.org
14,weather.com
2,xabbs.com
6,xnxx.com
0,xinhuanet.com
31,worldometers.info
4,wish.com
1,xvideos.com
5,wix.com
2,ximalaya.com
2,xhamster.com
1,yahoo.co.jp
1,zara.com
1,yahoo.com
2,yandex.ru
10,yoox.com
24,youporn.com
9,yelp.com
1,zhanqi.tv
11,zendesk.com
5,youtube.com
9,youm7.com
1,yeniakit.com.tr
4,hp.com
11,zhiding.cn
2,yy.com
4,free.fr
8,netflix.com
3,zhihu.com
3,zol.com.cn
6,zillow.com
5,zoho.com
13,zhibo8.cc
4,homedepot.com
1,zerodha.com
2,zoom.us
